t,I_meas,Q_meas,x_true
0.000,1.000000,0.000000,0.0
0.001,0.999500,0.031410,1.0e-9
0.002,0.998000,0.062791,2.0e-9
0.003,0.995500,0.094108,3.0e-9
0.004,0.992000,0.125333,4.0e-9
